{"q35": {"value": "Agree", "comments": [], "extra": []}, "q34": {"value": [""], "comments": [], "extra": []}, "q20": {"value": "No", "comments": [], "extra": []}, "q22": {"value": "No", "comments": [], "extra": []}, "q24": {"value": "", "comments": [], "extra": []}, "q25": {"value": "", "comments": [], "extra": []}, "q26": {"value": "", "comments": [], "extra": []}, "q28": {"value": "No", "comments": [], "extra": []}, "q1": {"value": "Randomized Impact Evaluation Of Afghanistans National Solidarity ProgrammeVillage Benefit Distribution Analysis", "comments": [], "extra": []}, "q3": {"value": "20120117AA", "comments": [], "extra": []}, "q2": {"value": "Andrew Beath, Fotini Christia, Ruben Enikolopov", "comments": [], "extra": []}, "q5": {"value": "", "comments": [], "extra": []}, "q4": {"value": "01/16/2012 - 17:00", "comments": [], "extra": []}, "q6": {"value": "Yes", "comments": [], "extra": []}, "q8": {"value": "Registration prior to researcher analysis of outcome data", "comments": [], "extra": []}, "q15": {"value": "This pre-analysis plan for the Village Benefit Distribution Analysis (VBDA) specifies methodologies and specifications to be employed in testing hypotheses pertaining to the impact of institutional changes generated by the National Solidarity Programme (NSP) and related interventions on local governance outcomes. The plan was written prior to data analysis and pre-commits the authors to defined specifications for estimating impacts. The plan is structured around four sections, one table, and three appendices. Section II provides an overview of the study, detailing the nature of the treatment and associated interventions, the sample, and the experiment deployed to generate data for the study. Section III lists the hypotheses for the study. Section IV describes the methodology and specifications to be employed in hypothesis testing. Table I lists the hypotheses and indicators for the study. Appendices I  II list questions included in the Village Benefit Distribution Surveys and Appendix III lists questions from the Second Follow-Up Survey that are to be used in the analysis. This pre-analysis plan for the Village Benefit Distribution Analysis (VBDA) specifies methodologies and specifications to be employed in testing hypotheses pertaining to the impact of institutional changes generated by the National Solidarity Programme (NSP) and related interventions on local governance outcomes. The plan was written prior to data analysis and pre-commits the authors to defined specifications for estimating impacts.", "comments": [], "extra": []}, "q14": {"value": "Yes", "comments": [], "extra": []}, "q17": {"value": "The study seeks to test the above hypotheses and thereby address whether the institutional changes imposed by NSP, as well as variations in institutional rules, alter the behavior of village leaders. Indicators for testing hypotheses are generated using data collected on Day 3 of the wheat distribution and are grouped according to hypothesis. The aggregate effect of the intervention on each of these five indicator groups is estimated, via OLS, as the average of the effects for the constituent indicators, with standard errors estimated using five systems of seemingly unrelated regressions. To ensure robustness to different assumptions concerning unobserved outcomes of the distribution, multiple hypothesis tests are run using different sample adjustments. The following sections provide a summary of the methodology to be employed in the estimation of intervention impacts. Sub-section i describes the estimation of treatment effects; sub-section ii details the specifications to be employed in hypotheses tests; subsection iii details the specifications for estimating impacts of variation in treatment and distribution modalities; sub-section iv describes sample adjustments that are to be made to ensure the robustness of the analysis to uncertainty concerning unobserved outcomes of the distribution; and sub-section v covers procedures for addressing cases of missing data or questions with limited variation.", "comments": [], "extra": []}, "q16": {"value": "The analysis is to be structured around a test of five hypotheses, which are grouped into three families: Family A  Quality of Targeting H1: Intervention improves the targeting by village leaders of provided benefits to vulnerable populations in the village, as measured by characteristics of benefit recipients H2: Intervention improves the targeting by village leaders of provided benefits to vulnerable populations in the village, as assessed subjectively by villagers Family B  Elite Capture H3: Intervention reduces embezzlement of benefits by village leaders H4: Intervention reduces nepotism in distribution of benefits by village leaders Family C  Decision-Making Process H5: Intervention results in more participatory decision-making process.", "comments": [], "extra": []}, "q11": {"value": "", "comments": [], "extra": []}, "q10": {"value": "Yes", "comments": [], "extra": []}, "q13": {"value": "No", "comments": [], "extra": []}, "q12": {"value": "", "comments": [], "extra": []}, "q19": {"value": "", "comments": [], "extra": []}, "q18": {"value": "Afghanistan", "comments": [], "extra": []}, "q33": {"value": [""], "comments": [], "extra": []}, "q32": {"value": "", "comments": [], "extra": []}, "q30": {"value": "", "comments": [], "extra": []}, "q36": {"value": "Agree", "comments": [], "extra": []}}