{"q35": {"value": "Agree", "comments": [], "extra": []}, "q34": {"value": [""], "comments": [], "extra": []}, "q20": {"value": "", "comments": [], "extra": []}, "q22": {"value": "", "comments": [], "extra": []}, "q24": {"value": "", "comments": [], "extra": []}, "q25": {"value": "", "comments": [], "extra": []}, "q26": {"value": "", "comments": [], "extra": []}, "q28": {"value": "", "comments": [], "extra": []}, "q1": {"value": "Congo CDR registrationdesignandMock Report", "comments": [], "extra": []}, "q3": {"value": "20110307AA", "comments": [], "extra": []}, "q2": {"value": "Macartan Humphreys, Raul Sanchez de la Sierra, Peter Van der Windt", "comments": [], "extra": []}, "q5": {"value": "", "comments": [], "extra": []}, "q4": {"value": "03/06/2011 - 17:00", "comments": [], "extra": []}, "q6": {"value": "Yes", "comments": [], "extra": []}, "q8": {"value": "", "comments": [], "extra": []}, "q15": {"value": "see pre-analysis plan", "comments": [], "extra": []}, "q14": {"value": "Yes", "comments": [], "extra": []}, "q17": {"value": "see pre-analysis plan", "comments": [], "extra": []}, "q16": {"value": "see pre-analysis plan", "comments": [], "extra": []}, "q11": {"value": "", "comments": [], "extra": []}, "q10": {"value": "Yes", "comments": [], "extra": []}, "q13": {"value": "Yes", "comments": [], "extra": []}, "q12": {"value": "", "comments": [], "extra": []}, "q19": {"value": "", "comments": [], "extra": []}, "q18": {"value": "The Democratic Republic of Congo", "comments": [], "extra": []}, "q33": {"value": [""], "comments": [], "extra": []}, "q32": {"value": "", "comments": [], "extra": []}, "q30": {"value": "", "comments": [], "extra": []}, "q36": {"value": "Agree", "comments": [], "extra": []}}